Centrality Metric,Spearmans R Statistic,P-Value
Out-Degree Centrality,0.739061165673548,6.929134478110255e-150
Closeness Centrality,0.34030466804631254,7.711550123859556e-25
Betweenness Centrality,0.6690145089073769,4.519517038957395e-113
PageRank Centrality,0.7112852603462667,5.740656779663288e-134
CON Score,0.7072344148963017,8.381499755629799e-132
