,Model,Accuracy,Precision,Recall,F1-Score
0,GradientBoostingClassifier,0.7876447876447876,0.423109243697479,0.4293942772203641,0.4225696140693698
1,DecisionTreeClassifier,0.6988416988416989,0.4462582679587756,0.4932491019447542,0.4621587158715872
2,RandomForestClassifier,0.8108108108108109,0.4715605250364609,0.45026631983153725,0.4519949586505758
3,SupportVectorClassifier-LINEAR,0.7992277992277992,0.2664092664092664,0.3333333333333333,0.296137339055794
4,XGBClassifier,0.803088803088803,0.6018824609733701,0.4358355010528923,0.4612891881978818
