,Model,Accuracy,Precision,Recall,F1-Score
0,GradientBoostingClassifier,0.7324561403508771,0.693126921387791,0.676170183982684,0.6813311055416319
1,DecisionTreeClassifier,0.6842105263157895,0.6377645938621548,0.5959821428571429,0.609807381280924
2,RandomForestClassifier,0.75,0.7105619810786985,0.708198051948052,0.7081807081807082
3,SupportVectorClassifier-LINEAR,0.7192982456140351,0.6669055086884419,0.655167748917749,0.6585829596801659
4,XGBClassifier,0.7631578947368421,0.7303921568627452,0.7176339285714285,0.7226107226107225
